,date,ndvi,month
1,4/1/1984,0.166699188,1984 Apr
2,5/1/1984,0.145935351,1984 May
3,6/1/1984,0.134992345,1984 Jun
4,7/1/1984,0.149520854,1984 Jul
5,8/1/1984,0.151812015,1984 Aug
6,9/1/1984,0.154103175,1984 Sep
7,10/1/1984,0.156394336,1984 Oct
8,11/1/1984,0.158685496,1984 Nov
9,12/1/1984,0.15573198,1984 Dec
10,1/1/1985,0.162152881,1985 Jan
11,2/1/1985,0.168573782,1985 Feb
12,3/1/1985,0.174994683,1985 Mar
13,4/1/1985,0.181415585,1985 Apr
14,5/1/1985,0.172372648,1985 May
15,6/1/1985,0.163329712,1985 Jun
16,7/1/1985,0.154286776,1985 Jul
17,8/1/1985,0.192646371,1985 Aug
18,9/1/1985,0.207191241,1985 Sep
19,10/1/1985,0.199190918,1985 Oct
20,11/1/1985,0.190705987,1985 Nov
21,12/1/1985,0.164730167,1985 Dec
22,1/1/1986,0.160991872,1986 Jan
23,2/1/1986,0.123501373,1986 Feb
24,3/1/1986,0.137583112,1986 Mar
25,4/1/1986,0.118301413,1986 Apr
26,5/1/1986,0.13946712,1986 May
27,6/1/1986,0.137998589,1986 Jun
28,7/1/1986,0.159182817,1986 Jul
29,8/1/1986,0.195499318,1986 Aug
30,9/1/1986,0.196964827,1986 Sep
31,10/1/1986,0.185748281,1986 Oct
32,11/1/1986,0.147936013,1986 Nov
33,12/1/1986,0.15096588,1986 Dec
34,1/1/1987,0.138001636,1987 Jan
35,2/1/1987,0.145368338,1987 Feb
36,3/1/1987,0.123183389,1987 Mar
37,4/1/1987,0.186233796,1987 Apr
38,5/1/1987,0.175981906,1987 May
39,6/1/1987,0.151461579,1987 Jun
40,7/1/1987,0.157756162,1987 Jul
41,8/1/1987,0.209626,1987 Aug
42,9/1/1987,0.210446419,1987 Sep
43,10/1/1987,0.191238095,1987 Oct
44,11/1/1987,0.172589599,1987 Nov
45,12/1/1987,0.153941103,1987 Dec
46,1/1/1988,0.135292606,1988 Jan
47,2/1/1988,0.11664411,1988 Feb
48,3/1/1988,0.134643928,1988 Mar
49,4/1/1988,0.156549359,1988 Apr
50,5/1/1988,0.13359581,1988 May
51,6/1/1988,0.137311534,1988 Jun
52,7/1/1988,0.168899272,1988 Jul
53,8/1/1988,0.276762938,1988 Aug
54,9/1/1988,0.249923428,1988 Sep
55,10/1/1988,0.180197489,1988 Oct
56,11/1/1988,0.173647971,1988 Nov
57,12/1/1988,0.167098453,1988 Dec
58,1/1/1989,0.160548935,1989 Jan
59,2/1/1989,0.153999417,1989 Feb
60,3/1/1989,0.147449899,1989 Mar
61,4/1/1989,0.140900381,1989 Apr
62,5/1/1989,0.132127298,1989 May
63,6/1/1989,0.127798804,1989 Jun
64,7/1/1989,0.135067924,1989 Jul
65,8/1/1989,0.304356042,1989 Aug
66,9/1/1989,0.25140124,1989 Sep
67,10/1/1989,0.217629929,1989 Oct
68,11/1/1989,0.192319588,1989 Nov
69,12/1/1989,0.167009247,1989 Dec
70,1/1/1990,0.141698906,1990 Jan
71,2/1/1990,0.116388565,1990 Feb
72,3/1/1990,0.091078224,1990 Mar
73,4/1/1990,0.106591318,1990 Apr
74,5/1/1990,0.111238586,1990 May
75,6/1/1990,0.123609791,1990 Jun
76,7/1/1990,0.13716986,1990 Jul
77,8/1/1990,0.313765769,1990 Aug
78,9/1/1990,0.221499072,1990 Sep
79,10/1/1990,0.182423482,1990 Oct
80,11/1/1990,0.172011358,1990 Nov
81,12/1/1990,0.161599233,1990 Dec
82,1/1/1991,0.151187109,1991 Jan
83,2/1/1991,0.140774984,1991 Feb
84,3/1/1991,0.13036286,1991 Mar
85,4/1/1991,0.156183111,1991 Apr
86,5/1/1991,0.151493986,1991 May
87,6/1/1991,0.137219399,1991 Jun
88,7/1/1991,0.154034309,1991 Jul
89,8/1/1991,0.202001062,1991 Aug
90,9/1/1991,0.145102634,1991 Sep
91,10/1/1991,0.164739501,1991 Oct
92,11/1/1991,0.164644272,1991 Nov
93,12/1/1991,0.164549042,1991 Dec
94,1/1/1992,0.164453812,1992 Jan
95,2/1/1992,0.164358583,1992 Feb
96,3/1/1992,0.164263353,1992 Mar
97,4/1/1992,0.230163272,1992 Apr
98,5/1/1992,0.200472811,1992 May
99,6/1/1992,0.199622301,1992 Jun
100,7/1/1992,0.196479979,1992 Jul
101,8/1/1992,0.13452379,1992 Aug
102,9/1/1992,0.152263689,1992 Sep
103,10/1/1992,0.17244224,1992 Oct
104,11/1/1992,0.149468573,1992 Nov
105,12/1/1992,0.105866054,1992 Dec
106,1/1/1993,0.137561726,1993 Jan
107,2/1/1993,0.158124325,1993 Feb
108,3/1/1993,0.166397517,1993 Mar
109,4/1/1993,0.183285616,1993 Apr
110,5/1/1993,0.158135752,1993 May
111,6/1/1993,0.149934482,1993 Jun
112,7/1/1993,0.136859117,1993 Jul
113,8/1/1993,0.14093796,1993 Aug
114,9/1/1993,0.166942525,1993 Sep
115,10/1/1993,0.152150774,1993 Oct
116,11/1/1993,0.130950916,1993 Nov
117,12/1/1993,0.116403384,1993 Dec
118,1/1/1994,0.108308439,1994 Jan
119,2/1/1994,0.110483703,1994 Feb
120,3/1/1994,0.115720705,1994 Mar
121,4/1/1994,0.10254658,1994 Apr
122,5/1/1994,0.115987711,1994 May
123,6/1/1994,0.113581498,1994 Jun
124,7/1/1994,0.111972213,1994 Jul
125,8/1/1994,0.115736301,1994 Aug
126,9/1/1994,0.131487943,1994 Sep
127,10/1/1994,0.122554975,1994 Oct
128,11/1/1994,0.096076143,1994 Nov
129,12/1/1994,0.120957497,1994 Dec
130,1/1/1995,0.132041776,1995 Jan
131,2/1/1995,0.22677533,1995 Feb
132,3/1/1995,0.324637385,1995 Mar
133,4/1/1995,0.265294823,1995 Apr
134,5/1/1995,0.192513852,1995 May
135,6/1/1995,0.180539182,1995 Jun
136,7/1/1995,0.186808763,1995 Jul
137,8/1/1995,0.177879717,1995 Aug
138,9/1/1995,0.203913327,1995 Sep
139,10/1/1995,0.239257426,1995 Oct
140,11/1/1995,0.203173157,1995 Nov
141,12/1/1995,0.178394653,1995 Dec
142,1/1/1996,0.151762827,1996 Jan
143,2/1/1996,0.145065723,1996 Feb
144,3/1/1996,0.111288516,1996 Mar
145,4/1/1996,0.124182382,1996 Apr
146,5/1/1996,0.11879347,1996 May
147,6/1/1996,0.132741958,1996 Jun
148,7/1/1996,0.211906499,1996 Jul
149,8/1/1996,0.186964908,1996 Aug
150,9/1/1996,0.195340372,1996 Sep
151,10/1/1996,0.17669864,1996 Oct
152,11/1/1996,0.14442963,1996 Nov
153,12/1/1996,0.154176934,1996 Dec
154,1/1/1997,0.123951896,1997 Jan
155,2/1/1997,0.132428067,1997 Feb
156,3/1/1997,0.178686173,1997 Mar
157,4/1/1997,0.153975308,1997 Apr
158,5/1/1997,0.148272186,1997 May
159,6/1/1997,0.147970378,1997 Jun
160,7/1/1997,0.136668318,1997 Jul
161,8/1/1997,0.192706362,1997 Aug
162,9/1/1997,0.168888154,1997 Sep
163,10/1/1997,0.151944762,1997 Oct
164,11/1/1997,0.119488483,1997 Nov
165,12/1/1997,0.116409805,1997 Dec
166,1/1/1998,0.112263413,1998 Jan
167,2/1/1998,0.175434045,1998 Feb
168,3/1/1998,0.152963582,1998 Mar
169,4/1/1998,0.181962143,1998 Apr
170,5/1/1998,0.146106229,1998 May
171,6/1/1998,0.140428343,1998 Jun
172,7/1/1998,0.174192811,1998 Jul
173,8/1/1998,0.177626926,1998 Aug
174,9/1/1998,0.167366843,1998 Sep
175,10/1/1998,0.136791441,1998 Oct
176,11/1/1998,0.149398913,1998 Nov
177,12/1/1998,0.20906409,1998 Dec
178,1/1/1999,0.169802234,1999 Jan
179,2/1/1999,0.130315158,1999 Feb
180,3/1/1999,0.11205317,1999 Mar
181,4/1/1999,0.108564753,1999 Apr
182,5/1/1999,0.099082937,1999 May
183,6/1/1999,0.112317956,1999 Jun
184,7/1/1999,0.129627186,1999 Jul
185,8/1/1999,0.282662445,1999 Aug
186,9/1/1999,0.227288185,1999 Sep
187,10/1/1999,0.192290166,1999 Oct
188,11/1/1999,0.150278008,1999 Nov
189,12/1/1999,0.126726912,1999 Dec
190,1/1/2000,0.12332939,2000 Jan
191,2/1/2000,0.123283974,2000 Feb
192,3/1/2000,0.109842981,2000 Mar
193,4/1/2000,0.107135445,2000 Apr
194,5/1/2000,0.102429294,2000 May
195,6/1/2000,0.108407534,2000 Jun
196,7/1/2000,0.146794699,2000 Jul
197,8/1/2000,0.134911768,2000 Aug
198,9/1/2000,0.128144102,2000 Sep
199,10/1/2000,0.123310181,2000 Oct
200,11/1/2000,0.162343532,2000 Nov
201,12/1/2000,0.23271088,2000 Dec
202,1/1/2001,0.195634806,2001 Jan
203,2/1/2001,0.318827654,2001 Feb
204,3/1/2001,0.285754288,2001 Mar
205,4/1/2001,0.206162105,2001 Apr
206,5/1/2001,0.167788068,2001 May
207,6/1/2001,0.151139729,2001 Jun
208,7/1/2001,0.159942252,2001 Jul
209,8/1/2001,0.200389019,2001 Aug
210,9/1/2001,0.199049328,2001 Sep
211,10/1/2001,0.15600459,2001 Oct
212,11/1/2001,0.131845438,2001 Nov
213,12/1/2001,0.131917205,2001 Dec
214,1/1/2002,0.126309161,2002 Jan
215,2/1/2002,0.120761542,2002 Feb
216,3/1/2002,0.120653066,2002 Mar
217,4/1/2002,0.107868841,2002 Apr
218,5/1/2002,0.108967316,2002 May
219,6/1/2002,0.107821677,2002 Jun
220,7/1/2002,0.10420169,2002 Jul
221,8/1/2002,0.310671814,2002 Aug
222,9/1/2002,0.264430294,2002 Sep
223,10/1/2002,0.20100094,2002 Oct
224,11/1/2002,0.162252473,2002 Nov
225,12/1/2002,0.125710152,2002 Dec
226,1/1/2003,0.120175349,2003 Jan
227,2/1/2003,0.123776565,2003 Feb
228,3/1/2003,0.114747016,2003 Mar
229,4/1/2003,0.095314928,2003 Apr
230,5/1/2003,0.116922896,2003 May
231,6/1/2003,0.108152663,2003 Jun
232,7/1/2003,0.107159083,2003 Jul
233,8/1/2003,0.119497371,2003 Aug
234,9/1/2003,0.117239692,2003 Sep
235,10/1/2003,0.109076679,2003 Oct
236,11/1/2003,0.112282147,2003 Nov
237,12/1/2003,0.103337166,2003 Dec
238,1/1/2004,0.135873879,2004 Jan
239,2/1/2004,0.163693198,2004 Feb
240,3/1/2004,0.204210203,2004 Mar
241,4/1/2004,0.140878115,2004 Apr
242,5/1/2004,0.126043772,2004 May
243,6/1/2004,0.121710596,2004 Jun
244,7/1/2004,0.120659195,2004 Jul
245,8/1/2004,0.265080748,2004 Aug
246,9/1/2004,0.216951497,2004 Sep
247,10/1/2004,0.172085291,2004 Oct
248,11/1/2004,0.146819944,2004 Nov
249,12/1/2004,0.14598832,2004 Dec
250,1/1/2005,0.154621133,2005 Jan
251,2/1/2005,0.258419853,2005 Feb
252,3/1/2005,0.283821637,2005 Mar
253,4/1/2005,0.183232446,2005 Apr
254,5/1/2005,0.147155764,2005 May
255,6/1/2005,0.143736615,2005 Jun
256,7/1/2005,0.144960806,2005 Jul
257,8/1/2005,0.175348483,2005 Aug
258,9/1/2005,0.201724269,2005 Sep
259,10/1/2005,0.152390594,2005 Oct
260,11/1/2005,0.134183299,2005 Nov
261,12/1/2005,0.103737091,2005 Dec
262,1/1/2006,0.094791282,2006 Jan
263,2/1/2006,0.107853136,2006 Feb
264,3/1/2006,0.104262179,2006 Mar
265,4/1/2006,0.100760362,2006 Apr
266,5/1/2006,0.092761174,2006 May
267,6/1/2006,0.098734915,2006 Jun
268,7/1/2006,0.123680693,2006 Jul
269,8/1/2006,0.41867831,2006 Aug
270,9/1/2006,0.395720517,2006 Sep
271,10/1/2006,0.262862743,2006 Oct
272,11/1/2006,0.218783468,2006 Nov
273,12/1/2006,0.147973252,2006 Dec
274,1/1/2007,0.111841231,2007 Jan
275,2/1/2007,0.112301393,2007 Feb
276,3/1/2007,0.114773416,2007 Mar
277,4/1/2007,0.126355029,2007 Apr
278,5/1/2007,0.133058677,2007 May
279,6/1/2007,0.136076865,2007 Jun
280,7/1/2007,0.166711079,2007 Jul
281,8/1/2007,0.357813526,2007 Aug
282,9/1/2007,0.306056273,2007 Sep
283,10/1/2007,0.212128804,2007 Oct
284,11/1/2007,0.152018694,2007 Nov
285,12/1/2007,0.138472847,2007 Dec
286,1/1/2008,0.114083918,2008 Jan
287,2/1/2008,0.121094227,2008 Feb
288,3/1/2008,0.121940829,2008 Mar
289,4/1/2008,0.108759598,2008 Apr
290,5/1/2008,0.108732142,2008 May
291,6/1/2008,0.105137098,2008 Jun
292,7/1/2008,0.191929968,2008 Jul
293,8/1/2008,0.312729029,2008 Aug
294,9/1/2008,0.277600995,2008 Sep
295,10/1/2008,0.180767954,2008 Oct
296,11/1/2008,0.14457207,2008 Nov
297,12/1/2008,0.120570562,2008 Dec
298,1/1/2009,0.108929456,2009 Jan
299,2/1/2009,0.099641454,2009 Feb
300,3/1/2009,0.085318582,2009 Mar
301,4/1/2009,0.095106822,2009 Apr
302,5/1/2009,0.093066498,2009 May
303,6/1/2009,0.105258051,2009 Jun
304,7/1/2009,0.136462666,2009 Jul
305,8/1/2009,0.127906286,2009 Aug
306,9/1/2009,0.121719938,2009 Sep
307,10/1/2009,0.118488994,2009 Oct
308,11/1/2009,0.115281535,2009 Nov
309,12/1/2009,0.109042781,2009 Dec
310,1/1/2010,0.109805156,2010 Jan
311,2/1/2010,0.104486307,2010 Feb
312,3/1/2010,0.131317528,2010 Mar
313,4/1/2010,0.190584669,2010 Apr
314,5/1/2010,0.165379415,2010 May
315,6/1/2010,0.147173262,2010 Jun
316,7/1/2010,0.144558597,2010 Jul
317,8/1/2010,0.171569782,2010 Aug
318,9/1/2010,0.161050428,2010 Sep
319,10/1/2010,0.144344456,2010 Oct
320,11/1/2010,0.129258789,2010 Nov
321,12/1/2010,0.117452948,2010 Dec
322,1/1/2011,0.109167711,2011 Jan
323,2/1/2011,0.108327075,2011 Feb
324,3/1/2011,0.10722175,2011 Mar
325,4/1/2011,0.103019339,2011 Apr
326,5/1/2011,0.105208452,2011 May
327,6/1/2011,0.103126693,2011 Jun
328,7/1/2011,0.119512993,2011 Jul
329,8/1/2011,0.276421507,2011 Aug
330,9/1/2011,0.226738911,2011 Sep
331,10/1/2011,0.187658611,2011 Oct
332,11/1/2011,0.132996267,2011 Nov
333,12/1/2011,0.114454575,2011 Dec
334,1/1/2012,0.110397804,2012 Jan
335,2/1/2012,0.141522465,2012 Feb
336,3/1/2012,0.196553654,2012 Mar
337,4/1/2012,0.155547404,2012 Apr
338,5/1/2012,0.12374724,2012 May
339,6/1/2012,0.119256733,2012 Jun
340,7/1/2012,0.149129284,2012 Jul
341,8/1/2012,0.162117611,2012 Aug
342,9/1/2012,0.172298092,2012 Sep
343,10/1/2012,0.135486202,2012 Oct
344,11/1/2012,0.111929706,2012 Nov
345,12/1/2012,0.111015132,2012 Dec
346,1/1/2013,0.103358753,2013 Jan
347,2/1/2013,0.082618377,2013 Feb
348,3/1/2013,0.09806519,2013 Mar
349,4/1/2013,0.105889459,2013 Apr
350,5/1/2013,0.108508602,2013 May
351,6/1/2013,0.11753251,2013 Jun
352,7/1/2013,0.171585325,2013 Jul
353,8/1/2013,0.227472648,2013 Aug
354,9/1/2013,0.273804478,2013 Sep
355,10/1/2013,0.214407699,2013 Oct
356,11/1/2013,0.157190553,2013 Nov
357,12/1/2013,0.151383627,2013 Dec
358,1/1/2014,0.119878216,2014 Jan
359,2/1/2014,0.124166492,2014 Feb
360,3/1/2014,0.132418115,2014 Mar
361,4/1/2014,0.123198269,2014 Apr
362,5/1/2014,0.121092631,2014 May
363,6/1/2014,0.122091232,2014 Jun
364,7/1/2014,0.154648698,2014 Jul
365,8/1/2014,0.319123027,2014 Aug
366,9/1/2014,0.292321391,2014 Sep
367,10/1/2014,0.274091817,2014 Oct
368,11/1/2014,0.22848956,2014 Nov
369,12/1/2014,0.145226345,2014 Dec
370,1/1/2015,0.141130335,2015 Jan
371,2/1/2015,0.147618983,2015 Feb
372,3/1/2015,0.172809666,2015 Mar
373,4/1/2015,0.188340544,2015 Apr
374,5/1/2015,0.161484772,2015 May
375,6/1/2015,0.163261087,2015 Jun
376,7/1/2015,0.278607677,2015 Jul
377,8/1/2015,0.298844462,2015 Aug
378,9/1/2015,0.290487832,2015 Sep
379,10/1/2015,0.202738771,2015 Oct
380,11/1/2015,0.175867684,2015 Nov
381,12/1/2015,0.134892097,2015 Dec
382,1/1/2016,0.130731155,2016 Jan
383,2/1/2016,0.127720243,2016 Feb
384,3/1/2016,0.133438073,2016 Mar
385,4/1/2016,0.134840323,2016 Apr
386,5/1/2016,0.13339728,2016 May
387,6/1/2016,0.159053288,2016 Jun
388,7/1/2016,0.238367894,2016 Jul
389,8/1/2016,0.249213288,2016 Aug
390,9/1/2016,0.272660909,2016 Sep
391,10/1/2016,0.245926648,2016 Oct
392,11/1/2016,0.181299431,2016 Nov
393,12/1/2016,0.155720937,2016 Dec
394,1/1/2017,0.135970304,2017 Jan
395,2/1/2017,0.139925772,2017 Feb
396,3/1/2017,0.182918799,2017 Mar
397,4/1/2017,0.158768128,2017 Apr
398,5/1/2017,0.13885922,2017 May
399,6/1/2017,0.145885658,2017 Jun
400,7/1/2017,0.147421522,2017 Jul
401,8/1/2017,0.27090361,2017 Aug
402,9/1/2017,0.234275931,2017 Sep
403,10/1/2017,0.177946133,2017 Oct
404,11/1/2017,0.150114314,2017 Nov
405,12/1/2017,0.148520285,2017 Dec
406,1/1/2018,0.131199314,2018 Jan
407,2/1/2018,0.136311608,2018 Feb
408,3/1/2018,0.119099047,2018 Mar
409,4/1/2018,0.121040589,2018 Apr
410,5/1/2018,0.116463293,2018 May
411,6/1/2018,0.120727959,2018 Jun
412,7/1/2018,0.12626368,2018 Jul
413,8/1/2018,0.151021036,2018 Aug
414,9/1/2018,0.18101283,2018 Sep
415,10/1/2018,0.185396243,2018 Oct
416,11/1/2018,0.159876807,2018 Nov
417,12/1/2018,0.163744019,2018 Dec
418,1/1/2019,0.123612292,2019 Jan
419,2/1/2019,0.284563491,2019 Feb
420,3/1/2019,0.276569156,2019 Mar
421,4/1/2019,0.19661839,2019 Apr
422,5/1/2019,0.162175404,2019 May
423,6/1/2019,0.157273158,2019 Jun
424,7/1/2019,0.173473598,2019 Jul
425,8/1/2019,0.190906386,2019 Aug
426,9/1/2019,0.183275553,2019 Sep
427,10/1/2019,0.198666295,2019 Oct
428,11/1/2019,0.059810554,2019 Nov
429,12/1/2019,0.209897676,2019 Dec
430,1/1/2020,0.26787133,2020 Jan
431,2/1/2020,0.333006973,2020 Feb
432,3/1/2020,0.384604592,2020 Mar
433,4/1/2020,0.273969728,2020 Apr
434,5/1/2020,0.22908321,2020 May
435,6/1/2020,0.232615945,2020 Jun
436,7/1/2020,0.245417341,2020 Jul
437,8/1/2020,0.248695642,2020 Aug
438,9/1/2020,0.216439852,2020 Sep
439,10/1/2020,0.205914198,2020 Oct
440,11/1/2020,0.178283957,2020 Nov
441,12/1/2020,0.171611411,2020 Dec
442,1/1/2021,0.158164143,2021 Jan
443,2/1/2021,0.147662922,2021 Feb
444,3/1/2021,0.145292151,2021 Mar
445,4/1/2021,0.141776996,2021 Apr
446,5/1/2021,0.208209848,2021 May
447,6/1/2021,0.141688707,2021 Jun
448,7/1/2021,0.171152372,2021 Jul
449,8/1/2021,0.33171729,2021 Aug
450,9/1/2021,0.312195712,2021 Sep
451,10/1/2021,0.243414556,2021 Oct
452,11/1/2021,0.193127989,2021 Nov
453,12/1/2021,0.175636351,2021 Dec
454,1/1/2022,0.152866632,2022 Jan
455,2/1/2022,0.14887721,2022 Feb
456,3/1/2022,0.142699889,2022 Mar
457,4/1/2022,0.135273489,2022 Apr
458,5/1/2022,0.135751651,2022 May
459,6/1/2022,0.162847296,2022 Jun
460,7/1/2022,0.229214282,2022 Jul
461,8/1/2022,0.31437491,2022 Aug
462,9/1/2022,0.354991017,2022 Sep
463,10/1/2022,0.257351254,2022 Oct
464,11/1/2022,0.204482762,2022 Nov
465,12/1/2022,0.159467901,2022 Dec
466,1/1/2023,0.142438477,2023 Jan
467,2/1/2023,0.139557981,2023 Feb
468,3/1/2023,0.152328706,2023 Mar
469,4/1/2023,0.153852051,2023 Apr
470,5/1/2023,0.154216667,2023 May
471,6/1/2023,0.157576145,2023 Jun
472,7/1/2023,0.162709874,2023 Jul
473,8/1/2023,0.192925109,2023 Aug
474,9/1/2023,0.201166028,2023 Sep
475,10/1/2023,0.194816936,2023 Oct
476,11/1/2023,0.208822922,2023 Nov
477,12/1/2023,0.16788865,2023 Dec
478,1/1/2024,0.254332255,2024 Jan
479,2/1/2024,0.148236317,2024 Feb
480,3/1/2024,0.163998253,2024 Mar
481,4/1/2024,0.183005548,2024 Apr
482,5/1/2024,0.157683154,2024 May
483,6/1/2024,0.154307066,2024 Jun
484,7/1/2024,0.162410737,2024 Jul
485,8/1/2024,0.177990547,2024 Aug
486,9/1/2024,0.172459784,2024 Sep
487,10/1/2024,0.160464735,2024 Oct
488,11/1/2024,0.154578188,2024 Nov
489,12/1/2024,0.143257885,2024 Dec
490,1/1/2025,0.145566903,2025 Jan
491,2/1/2025,0.138308248,2025 Feb
492,3/1/2025,0.133053187,2025 Mar
