year,month_col,meantemp,precipitation,anomaly_ppt,anomaly_meant,month
1980,1,5.512903226,15.24,0.666666667,-1.387096774,1980 Jan
1980,2,7.189655172,30.226,1.54371808,-1.610344828,1980 Feb
1980,3,10.26774194,5.08,0.313580247,-1.432258065,1980 Mar
1980,4,15.91666667,0.508,0.057990868,0.516666667,1980 Apr
1980,5,21.78709677,0.508,0.069493844,1.687096774,1980 May
1980,6,29.87333333,10.922,0.969121562,5.173333333,1980 Jun
1980,7,25.52580645,60.706,0.808120341,-0.674193548,1980 Jul
1980,8,23.58709677,54.102,0.832466533,-1.312903226,1980 Aug
1980,9,19.5,58.674,1.821608196,-3.1,1980 Sep
1980,10,11.86774194,1.778,0.056088328,-5.232258065,1980 Oct
1980,11,5.4,14.478,0.699082569,-5.5,1980 Nov
1980,12,3.609677419,2.286,0.070425139,-3.090322581,1980 Dec
1981,1,4.335483871,30.226,1.322222222,-2.564516129,1981 Jan
1981,2,8.528571429,10.668,0.544841675,-0.271428571,1981 Feb
1981,3,9.835483871,34.036,2.100987654,-1.864516129,1981 Mar
1981,4,18.54333333,10.414,1.188812785,3.143333333,1981 Apr
1981,5,22.47666667,3.048,0.416963064,2.376666667,1981 May
1981,6,28.63333333,77.724,6.896539485,3.933333333,1981 Jun
1981,7,23.97741935,81.28,1.08200213,-2.222580645,1981 Jul
1981,8,23.89354839,15.494,0.238405909,-1.006451613,1981 Aug
1981,9,19.29333333,56.134,1.742750699,-3.306666667,1981 Sep
1981,10,13.51290323,25.146,0.793249211,-3.587096774,1981 Oct
1981,11,7.443333333,1.016,0.049058426,-3.456666667,1981 Nov
1981,12,4.780645161,33.528,1.032902033,-1.919354839,1981 Dec
1982,1,4.54516129,25.654,1.122222222,-2.35483871,1982 Jan
1982,2,7.4,10.668,0.544841675,-1.4,1982 Feb
1982,3,12.4,21.59,1.332716049,0.7,1982 Mar
1982,4,18.62,4.572,0.521917808,3.22,1982 Apr
1982,5,22.27419355,10.668,1.459370725,2.174193548,1982 May
1982,6,28.18333333,4.318,0.383141083,3.483333333,1982 Jun
1982,7,25.81290323,33.02,0.439563365,-0.387096774,1982 Jul
1982,8,23.75806452,72.644,1.117771965,-1.141935484,1982 Aug
1982,9,21.26333333,66.802,2.073952189,-1.336666667,1982 Sep
1982,10,14.61935484,0,0,-2.480645161,1982 Oct
1982,11,6.993333333,67.056,3.237856108,-3.906666667,1982 Nov
1982,12,2.029032258,140.678,4.333887862,-4.670967742,1982 Dec
1983,1,2.712903226,6.364,0.278390201,-4.187096774,1983 Jan
1983,2,7.488888889,24.892,1.271297242,-1.311111111,1983 Feb
1983,3,10.40967742,32.766,2.022592593,-1.290322581,1983 Mar
1983,4,13.27333333,9.398,1.07283105,-2.126666667,1983 Apr
1983,5,21.66774194,0.254,0.034746922,1.567741935,1983 May
1983,6,27.11333333,0,0,2.413333333,1983 Jun
1983,7,25.49354839,88.9,1.18343983,-0.706451613,1983 Jul
1983,8,24.00967742,4.572,0.070349285,-0.890322581,1983 Aug
1983,9,21.23448276,128.868,4.000869295,-1.365517241,1983 Sep
1983,10,13.85806452,89.408,2.82044164,-3.241935484,1983 Oct
1983,11,7.296666667,45.72,2.207629165,-3.603333333,1983 Nov
1983,12,5.483870968,27.432,0.845101664,-1.216129032,1983 Dec
1984,1,4.167741935,25.7,1.124234471,-2.732258065,1984 Jan
1984,2,7.582758621,0,0,-1.217241379,1984 Feb
1984,3,13.69354839,0,0,1.993548387,1984 Mar
1984,4,17.13,3.556,0.405936073,1.73,1984 Apr
1984,5,25.83870968,2.54,0.34746922,5.738709677,1984 May
1984,6,24.44333333,21.336,1.893167702,-0.256666667,1984 Jun
1984,7,23.81290323,39.878,0.530857295,-2.387096774,1984 Jul
1984,8,22.45483871,78.486,1.207662717,-2.44516129,1984 Aug
1984,9,20.24666667,23.368,0.725488979,-2.353333333,1984 Sep
1984,10,11.64516129,55.88,1.762776025,-5.45483871,1984 Oct
1984,11,6.2,18.796,0.907580879,-4.7,1984 Nov
1984,12,4.412903226,78.74,2.425754775,-2.287096774,1984 Dec
1985,1,1.993548387,22.104,0.966929134,-4.906451613,1985 Jan
1985,2,5.085714286,35.814,1.829111338,-3.714285714,1985 Feb
1985,3,11.84193548,9.398,0.580123457,0.141935484,1985 Mar
1985,4,17.19666667,26.162,2.98652968,1.796666667,1985 Apr
1985,5,22.03,0,0,1.93,1985 May
1985,6,27.62666667,38.608,3.425732032,2.926666667,1985 Jun
1985,7,25.55806452,93.98,1.251064963,-0.641935484,1985 Jul
1985,8,24.11612903,81.28,1.250653947,-0.783870968,1985 Aug
1985,9,18.92758621,71.12,2.208009935,-3.672413793,1985 Sep
1985,10,13.01612903,106.426,3.357287066,-4.083870968,1985 Oct
1985,11,7.363333333,12.192,0.588701111,-3.536666667,1985 Nov
1985,12,2.616129032,7.62,0.234750462,-4.083870968,1985 Dec
1986,1,4.890322581,2.032,0.088888889,-2.009677419,1986 Jan
1986,2,8.335714286,24.892,1.271297242,-0.464285714,1986 Feb
1986,3,12.81290323,33.288,2.054814815,1.112903226,1986 Mar
1986,4,18.15666667,0,0,2.756666667,1986 Apr
1986,5,22.56129032,5.842,0.799179207,2.461290323,1986 May
1986,6,25.60666667,13.462,1.194498669,0.906666667,1986 Jun
1986,7,23.97741935,68.326,0.90955804,-2.222580645,1986 Jul
1986,8,22.81935484,62.992,0.969256809,-2.080645161,1986 Aug
1986,9,19.43333333,40.386,1.253834213,-3.166666667,1986 Sep
1986,10,12.53225806,62.738,1.979116719,-4.567741935,1986 Oct
1986,11,6.65,6.096,0.294350555,-4.25,1986 Nov
1986,12,2.24516129,11.176,0.344300678,-4.45483871,1986 Dec
1987,1,2.664516129,2.308,0.10096238,-4.235483871,1987 Jan
1987,2,5.639285714,23.876,1.219407559,-3.160714286,1987 Feb
1987,3,10.04193548,3.556,0.219506173,-1.658064516,1987 Mar
1987,4,16.77666667,17.78,2.029680365,1.376666667,1987 Apr
1987,5,18.61935484,9.652,1.320383037,-1.480645161,1987 May
1987,6,25.75666667,7.62,0.676131322,1.056666667,1987 Jun
1987,7,26.10645161,89.408,1.190202343,-0.093548387,1987 Jul
1987,8,22.17096774,53.594,0.824649946,-2.729032258,1987 Aug
1987,9,18.70333333,46.482,1.443092207,-3.896666667,1987 Sep
1987,10,15.10645161,12.7,0.400630915,-1.993548387,1987 Oct
1987,11,6.296666667,5.08,0.245292129,-4.603333333,1987 Nov
1987,12,2.703225806,49.53,1.525878004,-3.996774194,1987 Dec
1988,1,2.983870968,22.352,0.977777778,-3.916129032,1988 Jan
1988,2,8.065517241,33.274,1.69938713,-0.734482759,1988 Feb
1988,3,11.98,6.096,0.376296296,0.28,1988 Mar
1988,4,16.49333333,22.606,2.580593607,1.093333333,1988 Apr
1988,5,23.34193548,0.254,0.034746922,3.241935484,1988 May
1988,6,27.11333333,24.384,2.163620231,2.413333333,1988 Jun
1988,7,23.67741935,76.708,1.02113951,-2.522580645,1988 Jul
1988,8,21.57096774,156.464,2.407508848,-3.329032258,1988 Aug
1988,9,17.95,30.734,0.954175722,-4.65,1988 Sep
1988,10,12.6,61.722,1.947066246,-4.5,1988 Oct
1988,11,5.996666667,8.89,0.429261226,-4.903333333,1988 Nov
1988,12,0.983333333,16.256,0.500800986,-5.716666667,1988 Dec
1989,1,2.364516129,30.226,1.322222222,-4.535483871,1989 Jan
1989,2,8.175,6.842,0.349438202,-0.625,1989 Feb
1989,3,13.96451613,19.624,1.211358025,2.264516129,1989 Mar
1989,4,21.20666667,0,0,5.806666667,1989 Apr
1989,5,24.53225806,2.794,0.382216142,4.432258065,1989 May
1989,6,27.7731891,0,0,3.073189103,1989 Jun
1989,7,27.01568548,93.218,1.240921193,0.815685484,1989 Jul
1989,8,23.94932796,24.13,0.37128789,-0.950672043,1989 Aug
1989,9,22.95122222,15.494,0.481030736,0.351222222,1989 Sep
1989,10,17.3419664,28.702,0.905425868,0.241966398,1989 Oct
1989,11,11.98500556,0,0,1.085005556,1989 Nov
1989,12,6.076563172,2.286,0.070425139,-0.623436828,1989 Dec
1990,1,6.275974462,11.43,0.5,-0.624025538,1990 Jan
1990,2,7.834279762,20.32,1.037793667,-0.965720238,1990 Feb
1990,3,13.26219355,4.064,0.250864198,1.562193548,1990 Mar
1990,4,18.55822917,3.556,0.405936073,3.158229167,1990 Apr
1990,5,21.76273925,3.556,0.486456908,1.662739247,1990 May
1990,6,29.45348611,16.764,1.487488909,4.753486111,1990 Jun
1990,7,24.58052419,83.058,1.105670927,-1.619475806,1990 Jul
1990,8,22.92923387,63.5,0.977073396,-1.970766129,1990 Aug
1990,9,23.11016667,46.228,1.435206458,0.510166667,1990 Sep
1990,10,17.63001613,12.446,0.392618297,0.530016129,1990 Oct
1990,11,11.31820833,49.784,2.403862868,0.418208333,1990 Nov
1990,12,5.716977151,26.924,0.829451633,-0.983022849,1990 Dec
1991,1,6.519772849,23.876,1.044444444,-0.380227151,1991 Jan
1991,2,10.32666667,25.654,1.310214505,1.526666667,1991 Feb
1991,3,10.26131452,25.654,1.583580247,-1.438685484,1991 Mar
1991,4,16.6801875,0,0,1.2801875,1991 Apr
1991,5,21.59477957,6.096,0.833926129,1.49477957,1991 May
1991,6,24.82898611,17.526,1.555102041,0.128986111,1991 Jun
1991,7,25.23571237,61.214,0.814882854,-0.964287634,1991 Jul
1991,8,24.56942204,43.688,0.672226496,-0.330577957,1991 Aug
1991,9,21.71361111,37.084,1.151319466,-0.886388889,1991 Sep
1991,10,17.28340064,18.7,0.589905363,0.183400641,1991 Oct
1991,11,8.06,31.3,1.511347175,-2.84,1991 Nov
1991,12,6.2205,104.17,3.20918053,-0.4795,1991 Dec
1992,1,4.883995968,22.352,0.977777778,-2.016004032,1992 Jan
1992,2,9.323186782,16.002,0.817262513,0.523186782,1992 Feb
1992,3,11.68783333,43.434,2.681111111,-0.012166667,1992 Mar
1992,4,18.51028889,1.524,0.173972603,3.110288889,1992 Apr
1992,5,18.81615591,70.104,9.590150479,-1.283844086,1992 May
1992,6,25.76973611,10.16,0.901508429,1.069736111,1992 Jun
1992,7,26.02223118,52.07,0.693157614,-0.177768817,1992 Jul
1992,8,24.32073925,63.772,0.981258655,-0.579260753,1992 Aug
1992,9,24.46328704,34,1.055572803,1.863287037,1992 Sep
1992,10,19.21805242,10.414,0.32851735,2.118052419,1992 Oct
1992,11,9.079281944,6.604,0.318879768,-1.820718056,1992 Nov
1992,12,6.504416667,46.736,1.439802834,-0.195583333,1992 Dec
1993,1,8.084623656,59.436,2.6,1.184623656,1993 Jan
1993,2,8.398247024,19.05,0.972931563,-0.401752976,1993 Feb
1993,3,12.71332392,5.588,0.344938272,1.013323925,1993 Mar
1993,4,17.84059167,0,0,2.440591667,1993 Apr
1993,5,22.23149194,11.176,1.528864569,2.131491935,1993 May
1993,6,27.48741667,0,0,2.787416667,1993 Jun
1993,7,26.54958333,16.51,0.219781683,0.349583333,1993 Jul
1993,8,24.53645161,46.736,0.719126019,-0.363548387,1993 Aug
1993,9,23.33204167,1.27,0.039428749,0.732041667,1993 Sep
1993,10,17.29256048,6.35,0.200315457,0.192560484,1993 Oct
1993,11,10.63395833,28.448,1.373635925,-0.266041667,1993 Nov
1993,12,7.489736559,13.208,0.406900801,0.789736559,1993 Dec
1994,1,7.867379032,3.302,0.144444444,0.967379032,1994 Jan
1994,2,9.140712798,13.97,0.713483146,0.340712798,1994 Feb
1994,3,13.46504032,14.986,0.925061728,1.765040323,1994 Mar
1994,4,17.84353056,3.556,0.405936073,2.443530556,1994 Apr
1994,5,22.17474462,3.048,0.416963064,2.074744624,1994 May
1994,6,29.574125,3.556,0.31552795,4.874125,1994 Jun
1994,7,28.65926075,18.796,0.250212993,2.459260753,1994 Jul
1994,8,27.41548387,32.004,0.492444992,2.515483871,1994 Aug
1994,9,24.13719444,26.924,0.835889475,1.537194444,1994 Sep
1994,10,17.89035753,13.208,0.416656151,0.790357527,1994 Oct
1994,11,10.49005139,63.754,3.078416224,-0.409948611,1994 Nov
1994,12,7.73731586,77.47,2.386629698,1.03731586,1994 Dec
1995,1,6.905872312,21.082,0.922222222,0.005872312,1995 Jan
1995,2,11.46746875,21.336,1.08968335,2.66746875,1995 Feb
1995,3,12.49891532,16.002,0.987777778,0.798915323,1995 Mar
1995,4,15.66419722,1.778,0.202968037,0.264197222,1995 Apr
1995,5,20.55279167,2.286,0.312722298,0.452791667,1995 May
1995,6,26.21836111,0.254,0.022537711,1.518361111,1995 Jun
1995,7,27.80090054,38.862,0.517332268,1.600900538,1995 Jul
1995,8,27.2250672,28.194,0.433820588,2.325067204,1995 Aug
1995,9,23.37104167,73.406,2.278981683,0.771041667,1995 Sep
1995,10,19.32185484,2.286,0.072113565,2.221854839,1995 Oct
1995,11,14.00188194,5.334,0.257556736,3.101881944,1995 Nov
1995,12,8.57502986,4.572,0.140850277,1.87502986,1995 Dec
1996,1,8.826228226,0.508,0.022222222,1.926228226,1996 Jan
1996,2,12.39625862,7.366,0.376200204,3.596258621,1996 Feb
1996,3,13.27321774,0.254,0.015679012,1.573217742,1996 Mar
1996,4,18.50224861,4.318,0.492922374,3.102248611,1996 Apr
1996,5,25.27610215,0,0,5.176102151,1996 May
1996,6,27.72440278,61.468,5.454125998,3.024402778,1996 Jun
1996,7,26.66077957,79.248,1.054952077,0.46077957,1996 Jul
1996,8,25.34336022,17.78,0.273580551,0.443360215,1996 Aug
1996,9,21.63952778,38.608,1.198633965,-0.960472222,1996 Sep
1996,10,17.64642876,49.276,1.55444795,0.546428763,1996 Oct
1996,11,11.90939722,6.858,0.331144375,1.009397222,1996 Nov
1996,12,8.441323925,0,0,1.741323925,1996 Dec
1997,1,6.615215054,25.908,1.133333333,-0.284784946,1997 Jan
1997,2,8.522732143,40.64,2.075587334,-0.277267857,1997 Feb
1997,3,14.57758065,3.048,0.188148148,2.877580645,1997 Mar
1997,4,16.40931389,2.794,0.318949772,1.009313889,1997 Apr
1997,5,23.23614247,29.718,4.065389877,3.136142473,1997 May
1997,6,26.81638889,4.572,0.405678793,2.116388889,1997 Jun
1997,7,27.09375,35.814,0.476757188,0.89375,1997 Jul
1997,8,25.50702957,39.116,0.601877212,0.60702957,1997 Aug
1997,9,24.79616667,27.178,0.843775225,2.196166667,1997 Sep
1997,10,16.77843952,9.144,0.288454259,-0.321560484,1997 Oct
1997,11,11.80620139,17.526,0.846257846,0.906201389,1997 Nov
1997,12,4.644907258,50.292,1.54935305,-2.055092742,1997 Dec
1998,1,8.09369086,1.27,0.055555556,1.19369086,1998 Jan
1998,2,6.983150298,30.48,1.556690501,-1.816849702,1998 Feb
1998,3,11.08560753,28.956,1.787407407,-0.614392473,1998 Mar
1998,4,14.78168889,1.016,0.115981735,-0.618311111,1998 Apr
1998,5,24.00875448,0,0,3.90875448,1998 May
1998,6,28.71034483,4.3,0.381543922,4.010344828,1998 Jun
1998,7,25.57096774,138.9,1.849041534,-0.629032258,1998 Jul
1998,8,26.46174835,52.358,0.805631636,1.561748346,1998 Aug
1998,9,25.49611111,9.398,0.291772741,2.896111111,1998 Sep
1998,10,18.76636022,27.94,0.881388013,1.666360215,1998 Oct
1998,11,12.9632875,13.208,0.637759536,2.0632875,1998 Nov
1998,12,7.541116935,12.192,0.375600739,0.841116935,1998 Dec
1999,1,9.291598118,0,0,2.391598118,1999 Jan
1999,2,11.54648065,0,0,2.746480655,1999 Feb
1999,3,14.29895968,1.778,0.109753086,2.598959677,1999 Mar
1999,4,15.87477222,3.556,0.405936073,0.474772222,1999 Apr
1999,5,22.74147984,0,0,2.641479839,1999 May
1999,6,25.77031111,3.81,0.338065661,1.070311111,1999 Jun
1999,7,24.41759409,91.694,1.220633653,-1.782405914,1999 Jul
1999,8,24.25077957,102.108,1.571134021,-0.64922043,1999 Aug
1999,9,22.99273611,39.624,1.230176964,0.392736111,1999 Sep
1999,10,18.71712634,0.254,0.008012618,1.617126344,1999 Oct
1999,11,14.63271389,0,0,3.732713889,1999 Nov
1999,12,6.696211022,4.318,0.133025262,-0.003788978,1999 Dec
2000,1,9.514259409,0.508,0.022222222,2.614259409,2000 Jan
2000,2,11.76042385,0.254,0.012972421,2.960423851,2000 Feb
2000,3,13.22581989,5.588,0.344938272,1.525819892,2000 Mar
2000,4,19.89306528,0,0,4.493065278,2000 Apr
2000,5,25.75283602,0,0,5.652836022,2000 May
2000,6,25.83288889,41.402,3.67364685,1.132888889,2000 Jun
2000,7,27.3665457,21.336,0.284025559,1.166545699,2000 Jul
2000,8,25.82020161,40.64,0.625326973,0.920201613,2000 Aug
2000,9,25.48944444,2.54,0.078857498,2.889444444,2000 Sep
2000,10,16.1817836,131.572,4.150536278,-0.918216398,2000 Oct
2000,11,8.097473611,25.4,1.226460647,-2.802526389,2000 Nov
2000,12,7.632901882,6.858,0.211275416,0.932901882,2000 Dec
2001,1,5.312266129,28.194,1.233333333,-1.587733871,2001 Jan
2001,2,8.812080357,4.572,0.233503575,0.012080357,2001 Feb
2001,3,12.67152285,3.048,0.188148148,0.971522849,2001 Mar
2001,4,17.36944167,13.208,1.507762557,1.969441667,2001 Apr
2001,5,23.87633065,9.652,1.320383037,3.776330645,2001 May
2001,6,27.59061111,17.78,1.577639752,2.890611111,2001 Jun
2001,7,25.53998656,49.276,0.655963791,-0.660013441,2001 Jul
2001,8,25.43931452,56.642,0.871549469,0.539314516,2001 Aug
2001,9,24.71384722,13.208,0.410058988,2.113847222,2001 Sep
2001,10,19.72062097,2.286,0.072113565,2.620620968,2001 Oct
2001,11,13.14002778,5.08,0.245292129,2.240027778,2001 Nov
2001,12,6.415418011,5.334,0.164325323,-0.284581989,2001 Dec
2002,1,7.985001344,1.016,0.044444444,1.085001344,2002 Jan
2002,2,11.58092411,28.014,1.430745659,2.780924107,2002 Feb
2002,3,16.38064516,0,0,4.680645161,2002 Mar
2002,4,22.79655172,0,0,7.396551724,2002 Apr
2002,5,25.88387097,0,0,5.783870968,2002 May
2002,6,31.33,1.8,0.15971606,6.63,2002 Jun
2002,7,27.00322581,32.5,0.432641108,0.803225806,2002 Jul
2002,8,26.71935484,128.8,1.981843361,1.819354839,2002 Aug
2002,9,23.73793103,29.9,0.928283142,1.137931034,2002 Sep
2002,10,16.44516129,11.3,0.356466877,-0.65483871,2002 Oct
2002,11,11.46333333,11.9,0.574601642,0.563333333,2002 Nov
2002,12,4.454546505,35.7,1.099815157,-2.245453495,2002 Dec
2003,1,10.15793011,0.9,0.039370079,3.257930108,2003 Jan
2003,2,9.463497024,16.8,0.858018386,0.663497024,2003 Feb
2003,3,12.56321237,3.9,0.240740741,0.863212366,2003 Mar
2003,4,17.07256944,0,0,1.672569444,2003 Apr
2003,5,23.51501344,0,0,3.415013441,2003 May
2003,6,27.05316667,7.5,0.665483585,2.353166667,2003 Jun
2003,7,28.92778226,28.1,0.374068158,2.727782258,2003 Jul
2003,8,27.21665323,16.7,0.25696261,2.316653226,2003 Aug
2003,9,25.43284722,5.9,0.183172928,2.832847222,2003 Sep
2003,10,20.65202957,9.5,0.299684543,3.55202957,2003 Oct
2003,11,11.79277778,19.2,0.927088363,0.892777778,2003 Nov
2003,12,7.057182796,11,0.33887862,0.357182796,2003 Dec
2004,1,7.777313172,32.6,1.426071741,0.877313172,2004 Jan
2004,2,7.517537356,23.2,1.184882533,-1.282462644,2004 Feb
2004,3,14.76648253,27.3,1.685185185,3.066482527,2004 Mar
2004,4,16.00363883,24.8,2.831050228,0.603638829,2004 Apr
2004,5,23.43461156,1.4,0.191518468,3.334611559,2004 May
2004,6,26.69215278,17.4,1.543921917,1.992152778,2004 Jun
2004,7,26.80340054,53.1,0.70686901,0.603400538,2004 Jul
2004,8,24.13123656,95.2,1.464840745,-0.768763441,2004 Aug
2004,9,21.98122222,28.5,0.884818379,-0.618777778,2004 Sep
2004,10,17.54034812,18.8,0.593059937,0.440348118,2004 Oct
2004,11,9.343469444,25.1,1.211974891,-1.556530556,2004 Nov
2004,12,6.467349462,15.1,0.465187924,-0.232650538,2004 Dec
2005,1,8.402208333,55.7,2.436570429,1.502208333,2005 Jan
2005,2,8.607830357,40,2.042900919,-0.192169643,2005 Feb
2005,3,11.85780645,5.1,0.314814815,0.157806452,2005 Mar
2005,4,17.20647083,4.8,0.547945205,1.806470833,2005 Apr
2005,5,23.08931452,3.1,0.424076607,2.989314516,2005 May
2005,6,27.49776389,0,0,2.797763889,2005 Jun
2005,7,28.84075269,28.9,0.384717785,2.640752688,2005 Jul
2005,8,24.84236559,45.2,0.695491614,-0.057634409,2005 Aug
2005,9,24.45945833,33.9,1.052468178,1.859458333,2005 Sep
2005,10,17.98628495,22.9,0.722397476,0.886284946,2005 Oct
2005,11,13.16690278,0,0,2.266902778,2005 Nov
2005,12,8.865403226,3.9,0.120147874,2.165403226,2005 Dec
2006,1,8.781462366,2.9,0.126859143,1.881462366,2006 Jan
2006,2,11.2433497,2.8,0.143003064,2.443349702,2006 Feb
2006,3,12.94343548,6.3,0.388888889,1.243435484,2006 Mar
2006,4,19.11514028,1.1,0.125570776,3.715140278,2006 Apr
2006,5,24.45737903,0,0,4.357379032,2006 May
2006,6,28.19008333,12.2,1.082519965,3.490083333,2006 Jun
2006,7,26.9475,98.2,1.307241747,0.7475,2006 Jul
2006,8,22.62951613,125.3,1.927988921,-2.270483871,2006 Aug
2006,9,20.10248611,75.5,2.343992549,-2.497513889,2006 Sep
2006,10,16.46340323,62.5,1.971608833,-0.636596774,2006 Oct
2006,11,12.77030556,0,0,1.870305556,2006 Nov
2006,12,6.041551075,5.8,0.178681454,-0.658448925,2006 Dec
2007,1,4.413600806,34.5,1.509186352,-2.486399194,2007 Jan
2007,2,9.581729167,2.4,0.122574055,0.781729167,2007 Feb
2007,3,13.67605914,18.6,1.148148148,1.97605914,2007 Mar
2007,4,17.59951944,15.1,1.723744292,2.199519444,2007 Apr
2007,5,22.54435484,15.4,2.106703146,2.444354839,2007 May
2007,6,27.70611111,8.1,0.718722272,3.006111111,2007 Jun
2007,7,26.36354839,37.3,0.496538871,0.163548387,2007 Jul
2007,8,24.90966398,10.6,0.163102016,0.009663978,2007 Aug
2007,9,23.20080556,3.8,0.117975784,0.600805556,2007 Sep
2007,10,18.797,0.7,0.022082019,1.697,2007 Oct
2007,11,13.87218889,12.4,0.598744568,2.972188889,2007 Nov
2007,12,5.993509409,27.3,0.84103512,-0.706490591,2007 Dec
2008,1,6.894623656,6.9,0.30183727,-0.005376344,2008 Jan
2008,2,10.23312644,5.1,0.260469867,1.433126437,2008 Feb
2008,3,13.45514382,0,0,1.755143817,2008 Mar
2008,4,17.61251806,0,0,2.212518056,2008 Apr
2008,5,21.31589113,4.7,0.642954856,1.215891129,2008 May
2008,6,28.27548611,0,0,3.575486111,2008 Jun
2008,7,24.84091398,104.7,1.393769968,-1.359086022,2008 Jul
2008,8,24.00197581,72.6,1.117094938,-0.898024194,2008 Aug
2008,9,21.90469444,9.3,0.288730208,-0.695305556,2008 Sep
2008,10,18.45425941,2,0.063091483,1.354259409,2008 Oct
2008,11,12.07706528,12,0.579430227,1.177065278,2008 Nov
2008,12,8.333385753,10.3,0.317313617,1.633385753,2008 Dec
2009,1,8.748436828,11.6,0.50743657,1.848436828,2009 Jan
2009,2,11.23996726,3.8,0.194075587,2.439967262,2009 Feb
2009,3,14.4109879,14,0.864197531,2.710987903,2009 Mar
2009,4,17.17061389,0.4,0.0456621,1.770613889,2009 Apr
2009,5,23.66186828,17.2,2.352941176,3.56186828,2009 May
2009,6,25.03495833,18.7,1.659272405,0.334958333,2009 Jun
2009,7,28.0534543,28.3,0.376730564,1.853454301,2009 Jul
2009,8,27.57625688,69.04,1.06231728,2.676256881,2009 Aug
2009,9,24.54144928,88.67,2.752871779,1.941449275,2009 Sep
2009,10,18.10676603,87.48,2.759621451,1.006766032,2009 Oct
2009,11,12.98766667,21.7,1.047802994,2.087666667,2009 Nov
2009,12,6.016635753,17,0.523721503,-0.683364247,2009 Dec
2010,1,6.158728495,64.9,2.839020122,-0.741271505,2010 Jan
2010,2,8.02397619,25.7,1.312563841,-0.77602381,2010 Feb
2010,3,11.48051344,4.4,0.271604938,-0.219486559,2010 Mar
2010,4,16.16300417,6.1,0.696347032,0.763004167,2010 Apr
2010,5,21.5723871,4.5,0.615595075,1.472387097,2010 May
2010,6,27.51629167,3.8,0.33717835,2.816291667,2010 Jun
2010,7,26.3386828,29.6,0.394036209,0.138682796,2010 Jul
2010,8,25.62067204,42.3,0.650869365,0.720672043,2010 Aug
2010,9,24.82513889,5.2,0.161440546,2.225138889,2010 Sep
2010,10,18.85326747,21.9,0.690851735,1.753267473,2010 Oct
2010,11,10.95639583,1.1,0.053114437,0.056395833,2010 Nov
2010,12,9.731408602,7.4,0.22797289,3.031408602,2010 Dec
2011,1,6.637827957,2.1,0.091863517,-0.262172043,2011 Jan
2011,2,7.538697917,2.1,0.107252298,-1.261302083,2011 Feb
2011,3,15.93017608,0.4,0.024691358,4.230176075,2011 Mar
2011,4,19.61785139,0.3,0.034246575,4.217851389,2011 Apr
2011,5,21.34660887,0,0,1.246608871,2011 May
2011,6,28.73136111,0.6,0.053238687,4.031361111,2011 Jun
2011,7,26.84481183,90.6,1.206070288,0.644811828,2011 Jul
2011,8,26.78413978,25.5,0.392368057,1.884139785,2011 Aug
2011,9,24.03176389,41.3,1.282210494,1.431763889,2011 Sep
2011,10,18.63214516,4.9,0.154574132,1.532145161,2011 Oct
2011,11,10.68376528,20.8,1.004345727,-0.216234722,2011 Nov
2011,12,4.896747312,56.4,1.737523105,-1.803252688,2011 Dec
2012,1,8.667737903,2.9,0.126859143,1.767737903,2012 Jan
2012,2,9.420487069,14.3,0.730337079,0.620487069,2012 Feb
2012,3,13.15634812,5.7,0.351851852,1.456348118,2012 Mar
2012,4,19.20747917,0.7,0.079908676,3.807479167,2012 Apr
2012,5,23.46284946,4.3,0.588235294,3.362849462,2012 May
2012,6,29.04404167,0.3,0.026619343,4.344041667,2012 Jun
2012,7,25.84159946,38.7,0.515175719,-0.358400538,2012 Jul
2012,8,26.73978495,12.4,0.190798584,1.839784946,2012 Aug
2012,9,22.79233333,9.7,0.301148712,0.192333333,2012 Sep
2012,10,19.80770296,0.1,0.003154574,2.707702957,2012 Oct
2012,11,14.51608611,2.8,0.135200386,3.616086111,2012 Nov
2012,12,7.745603495,11.4,0.351201479,1.045603495,2012 Dec
2013,1,5.235584677,10.4,0.454943132,-1.664415323,2013 Jan
2013,2,7.180385417,7,0.357507661,-1.619614583,2013 Feb
2013,3,15.29905108,4.4,0.271604938,3.599051075,2013 Mar
2013,4,18.62496806,1.4,0.159817352,3.224968056,2013 Apr
2013,5,22.52924462,0.8,0.109439124,2.429244624,2013 May
2013,6,29.47645833,4.2,0.372670807,4.776458333,2013 Jun
2013,7,25.22291667,58.4,0.77742279,-0.977083333,2013 Jul
2013,8,25.21153226,56.3,0.866287121,0.311532258,2013 Aug
2013,9,22.52283333,70.7,2.194970506,-0.077166667,2013 Sep
2013,10,17.58227016,0,0,0.482270161,2013 Oct
2013,11,11.49556667,22,1.062288749,0.595566667,2013 Nov
2013,12,6.785211022,15,0.462107209,0.085211022,2013 Dec
2014,1,9.111688172,0,0,2.211688172,2014 Jan
2014,2,12.75704464,0.1,0.005107252,3.957044643,2014 Feb
2014,3,14.45111022,10.6,0.654320988,2.751110215,2014 Mar
2014,4,17.97062639,5.8,0.662100457,2.570626389,2014 Apr
2014,5,22.26947849,0.1,0.013679891,2.169478495,2014 May
2014,6,29.39379167,6.6,0.585625555,4.693791667,2014 Jun
2014,7,26.26580645,73.5,0.978434505,0.065806452,2014 Jul
2014,8,23.34504032,96.6707776,1.487471574,-1.554959677,2014 Aug
2014,9,22.30444444,101.9386672,3.164814256,-0.295555556,2014 Sep
2014,10,18.94514785,26.9409336,0.849871722,1.845147849,2014 Oct
2014,11,11.15684444,7.86384,0.379712216,0.256844444,2014 Nov
2014,12,8.169793011,18.3489604,0.565279125,1.469793011,2014 Dec
2015,1,6.647615591,41.0667191,1.796444405,-0.252384409,2015 Jan
2015,2,12.4148125,2.3300268,0.119000347,3.6148125,2015 Feb
2015,3,14.20130511,21.5527469,1.330416475,2.501305108,2015 Mar
2015,4,16.99517222,4.951307,0.565217694,1.595172222,2015 Apr
2015,5,20.21488306,1.0193868,0.139450999,0.114883065,2015 May
2015,6,27.92176389,7.1357067,0.633159423,3.221763889,2015 Jun
2015,7,24.88340054,103.3949343,1.376396889,-1.316599462,2015 Jul
2015,8,25.69733871,51.8430938,0.797708783,0.79733871,2015 Aug
2015,9,23.26875,45.8723977,1.424166337,0.66875,2015 Sep
2015,10,18.54799167,19.0770934,0.601801054,1.447991667,2015 Oct
2015,11,11.16039262,31.5963741,1.525657851,0.260392619,2015 Nov
2015,12,6.524688376,169.7500533,5.229514889,-0.175311624,2015 Dec
2016,1,6.419494624,21.1158672,0.923703727,-0.480505376,2016 Jan
2016,2,11.86427935,6.5532004,0.334688478,3.064279351,2016 Feb
2016,3,15.30154973,0,0,3.601549731,2016 Mar
2016,4,17.41745139,3.6406671,0.415601267,2.017451389,2016 Apr
2016,5,21.78380376,2.1844003,0.29882357,1.683803763,2016 May
2016,6,27.56398611,31.7466134,2.816913345,2.863986111,2016 Jun
2016,7,27.24448925,107.1812312,1.426800202,1.044489247,2016 Jul
2016,8,24.08705645,19.6596005,0.302501931,-0.812943548,2016 Aug
2016,9,22.04516667,89.560398,2.780515306,-0.554833333,2016 Sep
2016,10,20.56904973,4.951306,0.156192618,3.469049731,2016 Oct
2016,11,12.71005139,5.6726667,0.273909546,1.810051389,2016 Nov
2016,12,8.424641129,36.322,1.118977203,1.724641129,2016 Dec
2017,1,7.360102151,37.084,1.622222222,0.460102151,2017 Jan
2017,2,11.29583482,16.764,0.856179775,2.495834821,2017 Feb
2017,3,16.82414651,1.27,0.078395062,5.124146505,2017 Mar
2017,4,19.43538056,0,0,4.035380556,2017 Apr
2017,5,22.23758468,0.1456267,0.019921573,2.137584677,2017 May
2017,6,28.99069444,6.1163204,0.54270811,4.290694444,2017 Jun
2017,7,26.13177419,97.8557318,1.302658837,-0.068225806,2017 Jul
2017,8,24.69840054,33.528,0.515894753,-0.201599462,2017 Aug
2017,9,23.88706944,4.064,0.126171996,1.287069444,2017 Sep
2017,10,20.026,4.572,0.144227129,2.926,2017 Oct
2017,11,15.97970417,3.302,0.159439884,5.079704167,2017 Nov
2017,12,8.611634409,15.494,0.47732594,1.911634409,2017 Dec
2018,1,8.829330645,1.27,0.055555556,1.929330645,2018 Jan
2018,2,10.93632143,19.812,1.011848825,2.136321429,2018 Feb
2018,3,14.32838038,1.016,0.062716049,2.628380376,2018 Mar
2018,4,20.44571667,0,0,5.045716667,2018 Apr
2018,5,24.27899194,0.508,0.069493844,4.178991935,2018 May
2018,6,28.33630556,15.24,1.352262644,3.636305556,2018 Jun
2018,7,27.79192204,25.654,0.341506922,1.591922043,2018 Jul
2018,8,26.36642473,43.94,0.676104016,1.466424731,2018 Aug
2018,9,24.69130556,39.112,1.214281279,2.091305556,2018 Sep
2018,10,16.23818548,56.134,1.770788644,-0.861814516,2018 Oct
2018,11,10.70520139,5.588,0.269821342,-0.194798611,2018 Nov
2018,12,7.401388441,46.736,1.439802834,0.701388441,2018 Dec
2019,1,6.812797043,17.018,0.744444444,-0.087202957,2019 Jan
2019,2,8.056958333,9.144,0.46700715,-0.743041667,2019 Feb
2019,3,13.05470833,21.082,1.301358025,1.354708333,2019 Mar
2019,4,18.17940139,6.096,0.695890411,2.779401389,2019 Apr
2019,5,20.2378078,6.604,0.903419973,0.137807796,2019 May
2019,6,27.119,8.636,0.766282165,2.419,2019 Jun
2019,7,28.25725806,38.608,0.513951012,2.057258065,2019 Jul
2019,8,27.66194892,34.794,0.535374673,2.761948925,2019 Aug
2019,9,23.72736111,58.42,1.813722446,1.127361111,2019 Sep
2019,10,17.61185753,3.302,0.104164038,0.511857527,2019 Oct
2019,11,11.71376111,92.964,4.488845968,0.813761111,2019 Nov
2019,12,6.768231183,24.892,0.76685151,0.068231183,2019 Dec
2020,1,7.685858871,5.334,0.233333333,0.785858871,2020 Jan
2020,2,8.926814655,13.462,0.687538304,0.126814655,2020 Feb
2020,3,12.65199462,50.292,3.104444444,0.951994624,2020 Mar
2020,4,18.44363472,0.254,0.028995434,3.043634722,2020 Apr
2020,5,24.52193548,0,0,4.421935484,2020 May
2020,6,28.00447222,1.016,0.090150843,3.304472222,2020 Jun
2020,7,28.45211022,48.764,0.64914803,2.252110215,2020 Jul
2020,8,28.95596774,8.89,0.136790275,4.055967742,2020 Aug
2020,9,24.13568056,9.906,0.307544241,1.535680556,2020 Sep
2020,10,20.39770833,0.508,0.016025237,3.297708333,2020 Oct
2020,11,14.06265139,0.254,0.012264606,3.162651389,2020 Nov
2020,12,6.575889785,0.762,0.023475046,-0.124110215,2020 Dec
2021,1,6.877106183,0.508,0.022222222,-0.022893817,2021 Jan
2021,2,10.00090179,0,0,1.200901786,2021 Feb
2021,3,12.47334812,0,0,0.773348118,2021 Mar
2021,4,18.95173889,0,0,3.551738889,2021 Apr
2021,5,23.80838844,0,0,3.708388441,2021 May
2021,6,28.84298611,0.582506667,0.051686483,4.142986111,2021 Jun
2021,7,25.69705645,118.1032267,1.572194178,-0.502943548,2021 Jul
2021,8,24.45733871,100.45392,1.54568272,-0.44266129,2021 Aug
2021,9,23.58488889,51.56,1.60074511,0.984888889,2021 Sep
2021,10,17.99134543,13.462,0.42466877,0.89134543,2021 Oct
2021,11,14.10229861,1.016,0.049058426,3.202298611,2021 Nov
2021,12,10.2123172,28.448,0.876401725,3.512317204,2021 Dec
2022,1,7.070950269,6.096,0.266666667,0.170950269,2022 Jan
2022,2,8.144462798,8.382,0.428089888,-0.655537202,2022 Feb
2022,3,13.53328629,5.588,0.344938272,1.83328629,2022 Mar
2022,4,20.13773194,0,0,4.737731944,2022 Apr
2022,5,24.82412634,0,0,4.724126344,2022 May
2022,6,27.34794444,84.332,7.482874889,2.647944444,2022 Jun
2022,7,27.45298387,99.31,1.322018104,1.252983871,2022 Jul
2022,8,23.89384409,91.74818667,1.411727753,-1.006155914,2022 Aug
2022,9,22.635875,45.17136,1.402401739,0.035875,2022 Sep
2022,10,16.24736694,45.464,1.434195584,-0.852633065,2022 Oct
2022,11,9.546088889,0.762,0.036793819,-1.353911111,2022 Nov
2022,12,7.536841398,26.416,0.813801602,0.836841398,2022 Dec
2023,1,6.70577957,48.514,2.122222222,-0.19422043,2023 Jan
2023,2,7.685419643,21.082,1.07671093,-1.114580357,2023 Feb
2023,3,12.25598925,3.048,0.188148148,0.555989247,2023 Mar
2023,4,18.78074028,0,0,3.380740278,2023 Apr
2023,5,22.07886022,0.762,0.104240766,1.978860215,2023 May
2023,6,27.032375,8.894,0.7891748,2.332375,2023 Jun
2023,7,31.11810484,30.736,0.409158679,4.918104839,2023 Jul
2023,8,27.63444892,53.596,0.82468072,2.734448925,2023 Aug
2023,9,25.55856944,46.992,1.458925799,2.958569444,2023 Sep
2023,10,19.83141263,26.162,0.825299685,2.731412634,2023 Oct
2023,11,13.31882222,0,0,2.418822222,2023 Nov
2023,12,7.897857527,27.178,0.837276648,1.197857527,2023 Dec
2024,1,7.340954301,23.114,1.011111111,0.440954301,2024 Jan
2024,2,10.18313937,55.88,2.853932584,1.383139368,2024 Feb
2024,3,12.49424866,20.066,1.238641975,0.794248656,2024 Mar
2024,4,17.28720694,0,0,1.887206944,2024 Apr
2024,5,23.5324328,0,0,3.432432796,2024 May
2024,6,29.18418056,20.574,1.82555457,4.484180556,2024 Jun
2024,7,28.58288978,50.294,0.669515442,2.382889785,2024 Jul
2024,8,27.42134409,46.99,0.723034313,2.521344086,2024 Aug
2024,9,25.1895,0.254,0.00788575,2.5895,2024 Sep
2024,10,21.95641263,0.254,0.008012618,4.856412634,2024 Oct
2024,11,11.64500417,0.508,0.024529213,0.745004167,2024 Nov
2024,12,10.2544422,0,0,3.554442204,2024 Dec
2025,1,5.771399194,1.778,0.077777778,-1.128600806,2025 Jan
2025,2,13.81170833,3.556,0.181613892,5.011708333,2025 Feb
2025,3,13.25850348,727.22,44.89012346,1.558503476,2025 Mar
