censusdate,total,energy,month
10/16/1977,25,3342,1977 Oct
11/12/1977,19,2724,1977 Nov
12/10/1977,24,3624,1977 Dec
1/8/1978,19,2882,1978 Jan
2/18/1978,16,2232,1978 Feb
3/11/1978,20,2731,1978 Mar
4/8/1978,18,2876,1978 Apr
5/17/1978,24,2837,1978 May
6/8/1978,21,2825,1978 Jun
7/7/1978,24,3187,1978 Jul
8/4/1978,23,3026,1978 Aug
9/3/1978,29,3408,1978 Sep
10/6/1978,22,2871,1978 Oct
11/4/1978,21,2517,1978 Nov
12/2/1978,15,1822,1978 Dec
1/28/1979,13,1518,1979 Jan
2/24/1979,11,1411,1979 Feb
3/31/1979,14,1922,1979 Mar
4/28/1979,13,1725,1979 Apr
5/29/1979,16,2240,1979 May
7/3/1979,12,1578,1979 Jun
7/24/1979,17,2211,1979 Jul
8/21/1979,17,2275,1979 Aug
9/22/1979,11,1373,1979 Sep
10/24/1979,18,2440,1979 Oct
11/17/1979,22,2563,1979 Nov
12/19/1979,26,3034,1979 Dec
1/15/1980,33,3505,1980 Jan
2/24/1980,15,1627,1980 Feb
3/21/1980,18,2357,1980 Mar
4/17/1980,17,2215,1980 Apr
5/17/1980,20,3026,1980 May
6/22/1980,27,3436,1980 Jun
7/21/1980,24,3177,1980 Jul
8/13/1980,19,2755,1980 Aug
9/7/1980,20,2820,1980 Sep
10/11/1980,14,2023,1980 Oct
11/8/1980,18,2109,1980 Nov
12/15/1980,25,2813,1980 Dec
1/11/1981,15,1730,1981 Jan
1/31/1981,15,1918,1981 Feb
3/8/1981,22,2484,1981 Mar
4/4/1981,21,2562,1981 Apr
5/3/1981,21,2640,1981 May
6/4/1981,33,3981,1981 Jun
7/7/1981,20,2340,1981 Jul
8/30/1981,15,1989,1981 Aug
9/29/1981,15,1999,1981 Sep
10/24/1981,19,2398,1981 Oct
11/22/1981,29,3449,1981 Nov
12/30/1981,23,2800,1981 Dec
1/24/1982,29,3159,1982 Jan
2/22/1982,46,4546,1982 Feb
3/29/1982,29,3118,1982 Mar
4/28/1982,24,2665,1982 Apr
5/21/1982,21,2340,1982 May
6/28/1982,31,3619,1982 Jun
7/25/1982,33,3851,1982 Jul
8/15/1982,39,3906,1982 Aug
9/18/1982,32,3670,1982 Sep
10/16/1982,37,4057,1982 Oct
11/21/1982,43,4444,1982 Nov
12/15/1982,41,4352,1982 Dec
1/12/1983,39,4260,1983 Jan
2/26/1983,26,2425,1983 Feb
3/14/1983,31,2990,1983 Mar
4/16/1983,30,3516,1983 Apr
5/14/1983,22,2372,1983 May
6/17/1983,25,3142,1983 Jun
7/16/1983,18,2175,1983 Jul
8/15/1983,24,2821,1983 Aug
9/10/1983,31,4317,1983 Sep
10/15/1983,30,3118,1983 Oct
11/12/1983,20,2776,1983 Nov
12/8/1983,26,3466,1983 Dec
1/2/1984,24,2724,1984 Jan
2/4/1984,20,1982,1984 Feb
3/12/1984,15,1993,1984 Mar
4/9/1984,10,1445,1984 Apr
5/27/1984,16,1685,1984 May
7/3/1984,22,2228,1984 Jun
7/31/1984,17,2143,1984 Jul
8/25/1984,12,1269,1984 Aug
9/29/1984,18,1829,1984 Sep
10/20/1984,21,2105,1984 Oct
11/22/1984,17,1684,1984 Nov
12/30/1984,15,1264,1984 Dec
1/19/1985,18,1383,1985 Jan
2/16/1985,15,1240,1985 Feb
3/16/1985,14,1112,1985 Mar
4/19/1985,13,1136,1985 Apr
5/23/1985,13,1158,1985 May
6/15/1985,16,1715,1985 Jun
7/23/1985,22,2460,1985 Jul
8/19/1985,23,2577,1985 Aug
9/21/1985,26,2711,1985 Sep
10/12/1985,30,3403,1985 Oct
11/16/1985,37,3936,1985 Nov
12/7/1985,31,3156,1985 Dec
1/10/1986,28,3136,1986 Jan
2/8/1986,29,3117,1986 Feb
3/8/1986,26,3097,1986 Mar
4/12/1986,24,3182,1986 Apr
5/10/1986,22,2445,1986 May
6/4/1986,17,2086,1986 Jun
7/3/1986,24,2606,1986 Jul
8/9/1986,20,2492,1986 Aug
9/6/1986,19,2134,1986 Sep
10/4/1986,19,2232,1986 Oct
11/15/1986,24,2346,1986 Nov
12/14/1986,22,2367,1986 Dec
12/30/1986,24,2854,1987 Jan
1/31/1987,29,3340,1987 Feb
3/1/1987,20,2270,1987 Mar
4/4/1987,25,2782,1987 Apr
5/28/1987,23,2611,1987 May
6/30/1987,27,2854,1987 Jun
7/25/1987,28,2872,1987 Jul
8/25/1987,25,2678,1987 Aug
9/26/1987,21,2372,1987 Sep
10/24/1987,23,2320,1987 Oct
11/21/1987,38,3135,1987 Nov
12/20/1987,30,2698,1987 Dec
1/23/1988,24,2262,1988 Jan
2/21/1988,25,2392,1988 Feb
3/20/1988,29,2835,1988 Mar
4/17/1988,23,2306,1988 Apr
5/14/1988,21,2631,1988 May
6/11/1988,24,2776,1988 Jun
7/14/1988,23,2576,1988 Jul
8/9/1988,22,2323,1988 Aug
9/11/1988,17,1768,1988 Sep
10/8/1988,18,1892,1988 Oct
11/5/1988,28,2691,1988 Nov
12/13/1988,31,2546,1988 Dec
1/10/1989,28,2755,1989 Jan
2/4/1989,35,2670,1989 Feb
3/12/1989,25,2383,1989 Mar
4/1/1989,23,2249,1989 Apr
5/9/1989,21,1937,1989 May
6/3/1989,22,1760,1989 Jun
7/3/1989,20,1856,1989 Jul
7/29/1989,23,2258,1989 Aug
9/3/1989,14,1426,1989 Sep
10/7/1989,23,2280,1989 Oct
11/4/1989,29,2700,1989 Nov
12/4/1989,36,3116,1989 Dec
1/6/1990,26,2819,1990 Jan
2/24/1990,32,3237,1990 Feb
3/29/1990,34,3332,1990 Mar
4/24/1990,32,3455,1990 Apr
5/23/1990,24,2447,1990 May
6/21/1990,26,2419,1990 Jun
7/21/1990,25,2324,1990 Jul
8/16/1990,24,2281,1990 Aug
9/22/1990,18,1960,1990 Sep
10/15/1990,27,2754,1990 Oct
11/10/1990,24,2462,1990 Nov
12/15/1990,38,3564,1990 Dec
1/11/1991,32,2777,1991 Jan
2/16/1991,28,2747,1991 Feb
3/13/1991,28,2723,1991 Mar
4/19/1991,21,2426,1991 Apr
5/13/1991,20,2001,1991 May
6/13/1991,18,1653,1991 Jun
7/12/1991,21,1835,1991 Jul
8/7/1991,21,1721,1991 Aug
9/9/1991,18,1628,1991 Sep
10/10/1991,24,1828,1991 Oct
11/13/1991,30,2270,1991 Nov
12/7/1991,27,2247,1991 Dec
1/8/1992,20,1660,1992 Jan
2/6/1992,22,1832,1992 Feb
3/7/1992,24,2018,1992 Mar
4/4/1992,26,2453,1992 Apr
5/2/1992,18,1757,1992 May
7/3/1992,22,1876,1992 Jun
7/30/1992,16,1365,1992 Jul
8/29/1992,23,1843,1992 Aug
9/26/1992,29,2322,1992 Sep
10/18/1992,25,2075,1992 Oct
11/24/1992,19,1768,1992 Nov
12/21/1992,14,1460,1992 Dec
1/23/1993,13,1405,1993 Jan
2/19/1993,13,1311,1993 Feb
3/17/1993,28,2717,1993 Mar
4/23/1993,15,1166,1993 Apr
5/22/1993,15,1284,1993 May
6/18/1993,13,1092,1993 Jun
7/14/1993,14,1097,1993 Jul
8/19/1993,17,1323,1993 Aug
9/16/1993,9,762,1993 Sep
10/15/1993,14,1230,1993 Oct
11/13/1993,13,1349,1993 Nov
12/14/1993,11,949,1993 Dec
2/1/1994,12,1197,1994 Jan
2/20/1994,18,1706,1994 Feb
3/11/1994,19,1870,1994 Mar
4/10/1994,20,1804,1994 Apr
5/18/1994,14,1205,1994 May
6/14/1994,11,853,1994 Jun
7/8/1994,8,734,1994 Jul
8/17/1994,11,911,1994 Aug
9/6/1994,9,861,1994 Sep
10/12/1994,17,1343,1994 Oct
11/1/1994,13,1081,1994 Nov
12/4/1994,10,967,1994 Dec
1/11/1995,9,904,1995 Jan
2/4/1995,10,1037,1995 Feb
3/4/1995,15,1355,1995 Mar
4/1/1995,21,1990,1995 Apr
6/7/1995,24,2047,1995 May
6/27/1995,20,1778,1995 Jun
7/20/1995,27,2406,1995 Jul
8/26/1995,27,2285,1995 Aug
9/23/1995,38,2856,1995 Sep
10/28/1995,38,2720,1995 Oct
12/2/1995,30,2545,1995 Nov
12/21/1995,27,2051,1995 Dec
1/27/1996,30,2689,1996 Jan
2/24/1996,29,2357,1996 Feb
3/23/1996,19,1556,1996 Mar
4/14/1996,47,3499,1996 Apr
5/23/1996,15,1429,1996 May
6/13/1996,34,2581,1996 Jun
7/20/1996,23,1750,1996 Jul
8/14/1996,20,1443,1996 Aug
9/21/1996,35,2559,1996 Sep
10/12/1996,34,2431,1996 Oct
11/16/1996,31,2305,1996 Nov
12/18/1996,26,2335,1996 Dec
1/8/1997,43,3647,1997 Jan
2/8/1997,58,4960,1997 Feb
3/15/1997,61,5105,1997 Mar
4/12/1997,58,4643,1997 Apr
5/10/1997,50,4092,1997 May
6/9/1997,54,4290,1997 Jun
7/9/1997,54,3974,1997 Jul
7/29/1997,38,3397,1997 Aug
9/27/1997,40,3525,1997 Sep
10/25/1997,36,3500,1997 Oct
11/22/1997,33,2993,1997 Nov
12/28/1997,32,2759,1997 Dec
1/31/1998,40,3533,1998 Jan
3/1/1998,43,4000,1998 Feb
3/29/1998,52,4839,1998 Mar
5/2/1998,26,2348,1998 Apr
5/28/1998,41,3931,1998 May
6/27/1998,29,2360,1998 Jun
7/18/1998,28,2230,1998 Jul
8/22/1998,28,1986,1998 Aug
9/19/1998,34,2523,1998 Sep
10/24/1998,23,1991,1998 Oct
11/21/1998,25,2321,1998 Nov
12/22/1998,26,2481,1998 Dec
1/16/1999,30,2968,1999 Jan
2/20/1999,26,2412,1999 Feb
3/14/1999,27,2560,1999 Mar
4/17/1999,31,2740,1999 Apr
5/15/1999,22,1809,1999 May
6/12/1999,19,1555,1999 Jun
7/12/1999,13,1126,1999 Jul
8/11/1999,9,698,1999 Aug
9/11/1999,3,271,1999 Sep
10/9/1999,16,1160,1999 Oct
11/6/1999,31,2376,1999 Nov
12/5/1999,17,1038,1999 Dec
1/8/2000,23,1842,2000 Jan
2/5/2000,24,1792,2000 Feb
3/4/2000,33,2626,2000 Mar
4/4/2000,31,2558,2000 Apr
4/29/2000,30,2489,2000 May
6/3/2000,38,2660,2000 Jun
7/1/2000,44,2838,2000 Jul
8/25/2000,44,3059,2000 Aug
9/30/2000,28,2369,2000 Sep
10/27/2000,25,2220,2000 Oct
11/25/2000,25,2070,2000 Nov
12/22/2000,20,1756,2000 Dec
1/21/2001,22,1950,2001 Jan
3/3/2001,18,1579,2001 Feb
3/24/2001,27,2395,2001 Mar
4/21/2001,25,2277,2001 Apr
5/26/2001,35,3329,2001 May
6/25/2001,52,4491,2001 Jun
7/21/2001,39,2695,2001 Jul
8/25/2001,48,3583,2001 Aug
9/22/2001,46,3390,2001 Sep
10/13/2001,49,3998,2001 Oct
11/17/2001,43,4118,2001 Nov
12/15/2001,36,3766,2001 Dec
1/12/2002,28,2389,2002 Jan
2/9/2002,30,3233,2002 Feb
3/13/2002,43,3872,2002 Mar
4/16/2002,43,3856,2002 Apr
5/15/2002,41,3722,2002 May
6/15/2002,46,3759,2002 Jun
7/13/2002,49,3339,2002 Jul
8/8/2002,32,2551,2002 Aug
9/8/2002,18,1763,2002 Sep
10/5/2002,39,3157,2002 Oct
11/9/2002,45,3563,2002 Nov
12/7/2002,41,3367,2002 Dec
12/29/2002,31,2792,2003 Jan
2/1/2003,54,4795,2003 Feb
3/6/2003,63,5476,2003 Mar
3/29/2003,59,4929,2003 Apr
5/3/2003,65,5027,2003 May
6/28/2003,67,4631,2003 Jun
7/28/2003,60,3897,2003 Jul
8/23/2003,50,4015,2003 Aug
9/27/2003,40,3243,2003 Sep
10/25/2003,39,2948,2003 Oct
11/22/2003,25,2087,2003 Nov
12/20/2003,23,2110,2003 Dec
1/24/2004,20,1937,2004 Jan
2/21/2004,24,2342,2004 Feb
3/17/2004,16,1389,2004 Mar
4/17/2004,22,1918,2004 Apr
5/17/2004,36,3140,2004 May
6/19/2004,38,2743,2004 Jun
7/18/2004,34,2567,2004 Jul
8/19/2004,30,2143,2004 Aug
9/11/2004,27,1790,2004 Sep
10/16/2004,30,2249,2004 Oct
11/13/2004,28,2142,2004 Nov
12/11/2004,27,2259,2004 Dec
1/15/2005,22,2030,2005 Jan
2/8/2005,25,2231,2005 Feb
3/12/2005,28,2434,2005 Mar
4/9/2005,29,2273,2005 Apr
5/7/2005,30,2605,2005 May
6/4/2005,38,2803,2005 Jun
7/9/2005,44,2727,2005 Jul
8/6/2005,54,3395,2005 Aug
9/3/2005,68,4299,2005 Sep
9/30/2005,58,3852,2005 Oct
11/5/2005,54,3916,2005 Nov
12/9/2005,29,2359,2005 Dec
1/7/2006,34,2846,2006 Jan
1/28/2006,27,2260,2006 Feb
3/4/2006,23,1930,2006 Mar
4/29/2006,44,3098,2006 Apr
5/27/2006,44,2907,2006 May
6/25/2006,47,2686,2006 Jun
7/22/2006,53,3149,2006 Jul
8/20/2006,25,1767,2006 Aug
9/23/2006,16,1014,2006 Sep
10/21/2006,44,2769,2006 Oct
11/18/2006,67,3970,2006 Nov
12/16/2006,70,4873,2006 Dec
1/21/2007,56,4123,2007 Jan
2/17/2007,64,5132,2007 Feb
3/17/2007,78,5935,2007 Mar
4/14/2007,71,5545,2007 Apr
5/19/2007,88,6497,2007 May
6/16/2007,109,7899,2007 Jun
7/14/2007,110,7419,2007 Jul
8/11/2007,100,5798,2007 Aug
9/8/2007,94,6661,2007 Sep
10/13/2007,78,6235,2007 Oct
11/10/2007,82,5862,2007 Nov
12/15/2007,60,4852,2007 Dec
1/12/2008,42,3593,2008 Jan
2/9/2008,49,4225,2008 Feb
3/9/2008,46,4184,2008 Mar
4/6/2008,61,5364,2008 Apr
5/3/2008,84,6540,2008 May
6/7/2008,76,5981,2008 Jun
7/26/2008,31,3046,2008 Jul
8/30/2008,34,2931,2008 Aug
9/27/2008,35,2659,2008 Sep
10/26/2008,29,2708,2008 Oct
11/22/2008,32,3124,2008 Nov
12/20/2008,30,3084,2008 Dec
1/24/2009,33,3119,2009 Jan
2/21/2009,30,2769,2009 Feb
3/21/2009,28,2453,2009 Mar
4/26/2009,39,2947,2009 Apr
5/23/2009,45,3439,2009 May
6/20/2009,47,3319,2009 Jun
7/29/2009,38,2595,2009 Jul
8/22/2009,19,1610,2009 Aug
9/19/2009,13,1485,2009 Sep
10/17/2009,10,956,2009 Oct
11/14/2009,10,978,2009 Nov
12/12/2009,9,919,2009 Dec
1/16/2010,8,683,2010 Jan
2/13/2010,9,836,2010 Feb
3/13/2010,10,891,2010 Mar
4/17/2010,17,1362,2010 Apr
5/15/2010,20,1685,2010 May
6/12/2010,20,1575,2010 Jun
7/10/2010,22,1463,2010 Jul
8/9/2010,28,1794,2010 Aug
9/5/2010,35,2124,2010 Sep
10/7/2010,24,1646,2010 Oct
11/6/2010,16,1169,2010 Nov
12/5/2010,16,1290,2010 Dec
1/5/2011,17,1412,2011 Jan
2/5/2011,10,977,2011 Feb
3/14/2011,15,1447,2011 Mar
4/2/2011,26,2027,2011 Apr
5/7/2011,36,2362,2011 May
5/26/2011,26,1542,2011 Jun
7/2/2011,22,1262,2011 Jul
8/6/2011,39,2331,2011 Aug
8/27/2011,44,2570,2011 Sep
10/1/2011,48,2765,2011 Oct
11/24/2011,36,2370,2011 Nov
12/17/2011,24,2078,2011 Dec
1/21/2012,33,2507,2012 Jan
2/19/2012,32,2296,2012 Feb
3/12/2012,40,2799,2012 Mar
4/21/2012,47,3304,2012 Apr
5/26/2012,62,4277,2012 May
6/16/2012,77,4848,2012 Jun
7/28/2012,93,5526,2012 Jul
8/18/2012,80,4773,2012 Aug
9/15/2012,56,3580,2012 Sep
10/13/2012,59,4012,2012 Oct
11/10/2012,30,2402,2012 Nov
12/8/2012,28,2496,2012 Dec
1/12/2013,25,2220,2013 Jan
2/16/2013,22,2157,2013 Feb
3/13/2013,26,2170,2013 Mar
4/13/2013,44,3253,2013 Apr
5/11/2013,55,3885,2013 May
6/8/2013,53,3648,2013 Jun
7/6/2013,53,3412,2013 Jul
8/6/2013,51,3307,2013 Aug
9/14/2013,49,3201,2013 Sep
10/4/2013,40,2828,2013 Oct
11/2/2013,33,2456,2013 Nov
12/2/2013,28,2348,2013 Dec
12/29/2013,25,2240,2014 Jan
2/1/2014,40,3948,2014 Feb
3/1/2014,43,3927,2014 Mar
4/26/2014,58,4683,2014 Apr
5/31/2014,67,4496,2014 May
6/28/2014,84,5230,2014 Jun
8/2/2014,48,3461,2014 Jul
8/30/2014,69,4349,2014 Aug
9/27/2014,50,3484,2014 Sep
10/25/2014,39,2968,2014 Oct
11/22/2014,31,2479,2014 Nov
12/13/2014,56,3949,2014 Dec
1/17/2015,42,3469,2015 Jan
2/21/2015,59,5254,2015 Feb
3/26/2015,63,4549,2015 Mar
4/18/2015,80,5916,2015 Apr
5/16/2015,69,5476,2015 May
6/13/2015,76,5227,2015 Jun
7/18/2015,92,5915,2015 Jul
8/22/2015,78,5238,2015 Aug
9/12/2015,58,4102,2015 Sep
10/10/2015,58,4396,2015 Oct
11/14/2015,51,4257,2015 Nov
12/11/2015,40,3303,2015 Dec
1/10/2016,28,2347,2016 Jan
2/13/2016,37,3649,2016 Feb
3/19/2016,36,3200,2016 Mar
4/10/2016,32,2795,2016 Apr
5/7/2016,50,4215,2016 May
6/4/2016,38,3520,2016 Jun
7/2/2016,44,3736,2016 Jul
8/6/2016,40,3148,2016 Aug
9/3/2016,33,2544,2016 Sep
10/1/2016,24,2201,2016 Oct
11/5/2016,25,2336,2016 Nov
12/4/2016,34,3013,2016 Dec
1/7/2017,22,1945,2017 Jan
2/25/2017,35,3359,2017 Feb
3/28/2017,33,2908,2017 Mar
4/29/2017,31,2945,2017 Apr
5/27/2017,47,3716,2017 May
6/24/2017,37,2877,2017 Jun
7/22/2017,44,2921,2017 Jul
8/19/2017,46,2977,2017 Aug
9/14/2017,66,4069,2017 Sep
10/21/2017,32,2226,2017 Oct
11/18/2017,28,2204,2017 Nov
12/16/2017,16,1639,2017 Dec
1/20/2018,24,2046,2018 Jan
2/17/2018,18,1844,2018 Feb
3/24/2018,24,2071,2018 Mar
4/14/2018,27,2258,2018 Apr
5/19/2018,30,2041,2018 May
6/9/2018,30,2040,2018 Jun
7/14/2018,28,2068,2018 Jul
8/12/2018,19,1328,2018 Aug
9/4/2018,20,1536,2018 Sep
10/6/2018,16,1241,2018 Oct
11/10/2018,12,1057,2018 Nov
12/8/2018,24,2091,2018 Dec
1/5/2019,26,2409,2019 Jan
2/2/2019,28,2730,2019 Feb
3/1/2019,16,1495,2019 Mar
4/2/2019,18,1449,2019 Apr
5/4/2019,19,1695,2019 May
6/8/2019,16,1283,2019 Jun
7/6/2019,23,1616,2019 Jul
8/3/2019,18,919,2019 Aug
9/4/2019,24,1352,2019 Sep
10/26/2019,21,1585,2019 Oct
11/24/2019,15,1275,2019 Nov
12/21/2019,15,1406,2019 Dec
1/25/2020,32,2917,2020 Jan
2/24/2020,20,2167,2020 Feb
3/23/2020,20,2153,2020 Mar
4/22/2020,20,2138,2020 Apr
5/21/2020,23,2123,2020 May
6/20/2020,23,2109,2020 Jun
7/20/2020,23,2094,2020 Jul
8/18/2020,24,2080,2020 Aug
9/17/2020,24,2065,2020 Sep
10/16/2020,26,2050,2020 Oct
11/15/2020,27,2036,2020 Nov
12/14/2020,27,2022,2020 Dec
1/13/2021,28,2007,2021 Jan
2/11/2021,28,1992,2021 Feb
3/13/2021,28,1978,2021 Mar
4/11/2021,31,1963,2021 Apr
5/11/2021,31,1950,2021 May
6/15/2021,31,1935,2021 Jun
7/8/2021,32,1926,2021 Jul
8/7/2021,33,1917,2021 Aug
8/31/2021,34,1910,2021 Sep
10/16/2021,34,2147,2021 Oct
11/13/2021,42,2776,2021 Nov
12/4/2021,45,3237,2021 Dec
1/8/2022,39,2979,2022 Jan
2/26/2022,41,3381,2022 Feb
4/9/2022,66,4487,2022 Mar
4/30/2022,66,4515,2022 Apr
5/28/2022,62,3364,2022 May
6/29/2022,99,5432,2022 Jun
7/30/2022,86,4604,2022 Jul
9/1/2022,72,4064,2022 Aug
9/24/2022,64,3550,2022 Sep
10/22/2022,55,3464,2022 Oct
11/19/2022,50,4060,2022 Nov
12/17/2022,38,3286,2022 Dec
1/21/2023,31,2671,2023 Jan
2/18/2023,52,4157,2023 Feb
3/21/2023,52,4049,2023 Mar
4/22/2023,97,6822,2023 Apr
5/19/2023,86,5981,2023 May
6/20/2023,89,5882,2023 Jun
7/18/2023,72,4781,2023 Jul
8/16/2023,71,4828,2023 Aug
9/15/2023,68,4872,2023 Sep
10/14/2023,61,4699,2023 Oct
11/11/2023,53,4239,2023 Nov
12/9/2023,45,3672,2023 Dec
1/6/2024,34,3009,2024 Jan
2/10/2024,29,2661,2024 Feb
3/9/2024,25,2301,2024 Mar
4/5/2024,26,2565,2024 Apr
5/4/2024,38,3386,2024 May
6/8/2024,25,2173,2024 Jun
7/2/2024,28,2237,2024 Jul
8/10/2024,24,1822,2024 Aug
8/31/2024,18,1332,2024 Sep
10/12/2024,13,1099,2024 Oct
11/1/2024,14,,2024 Nov
12/7/2024,15,,2024 Dec
12/30/2024,11,,2025 Jan
1/28/2025,7,,2025 Feb
2/28/2025,11,,2025 Mar
